date,control_point,arrive_resident,arrive_mainland,arrive_others,arrive_total,departure_resident,departure_mainland,departure_others,departure_total
2020-01-25,Airport,14907,8489,10953,34349,58711,5326,7335,71372
2020-01-25,Express Rail Link West Kowloon,1852,2278,285,4415,8489,2089,224,10802
2020-01-25,Hung Hom,575,176,67,818,1509,153,53,1715
2020-01-25,Lo Wu,20716,4368,317,25401,39692,5468,347,45507
2020-01-25,Lok Ma Chau Spur Line,12511,3237,117,15865,16675,3347,155,20177
2020-01-25,Hong Kong-Zhuhai-Macao Bridge,9121,2682,2339,14142,13570,2949,1830,18349
2020-01-25,Lok Ma Chau,7187,2662,234,10083,10351,3163,195,13709
2020-01-25,Man Kam To,753,262,12,1027,895,203,5,1103
2020-01-25,Sha Tau Kok,923,208,19,1150,1702,165,38,1905
2020-01-25,Shenzhen Bay,9834,4540,532,14906,20440,4993,451,25884
2020-01-25,China Ferry Terminal,1183,463,499,2145,2233,406,415,3054
2020-01-25,Harbour Control,2,0,89,91,2,0,2,4
2020-01-25,Kai Tak Cruise Terminal,168,25,2315,2508,2997,129,2521,5647
2020-01-25,Macau Ferry Terminal,6118,490,1355,7963,8120,378,1048,9546
2020-01-25,Tuen Mun Ferry Terminal,567,11,44,622,782,19,14,815
2020-01-26,Airport,22646,10955,7522,41123,47580,7870,8813,64263
2020-01-26,Express Rail Link West Kowloon,7481,2481,415,10377,2360,2875,300,5535
2020-01-26,Hung Hom,2237,272,137,2646,575,307,54,936
2020-01-26,Lo Wu,44781,4994,406,50181,22105,6754,348,29207
2020-01-26,Lok Ma Chau Spur Line,19606,3816,265,23687,10678,4376,226,15280
2020-01-26,Hong Kong-Zhuhai-Macao Bridge,12967,2486,2311,17764,10182,3053,2082,15317
2020-01-26,Lok Ma Chau,10754,3119,362,14235,7058,3642,240,10940
2020-01-26,Man Kam To,1093,345,24,1462,709,324,5,1038
2020-01-26,Sha Tau Kok,2077,284,40,2401,1058,312,48,1418
2020-01-26,Shenzhen Bay,26235,6051,868,33154,9524,7404,529,17457
2020-01-26,China Ferry Terminal,2418,522,501,3441,1391,603,504,2498
2020-01-26,Harbour Control,0,0,256,256,0,0,0,0
2020-01-26,Kai Tak Cruise Terminal,2510,806,2251,5567,1000,394,317,1711
2020-01-26,Macau Ferry Terminal,8216,554,1325,10095,6571,379,1284,8234
2020-01-26,Tuen Mun Ferry Terminal,647,5,24,676,605,7,28,640
2020-01-27,Airport,36215,10309,6764,53288,41316,8203,11319,60838
2020-01-27,Express Rail Link West Kowloon,10913,1887,421,13221,1167,2790,246,4203
2020-01-27,Hung Hom,2025,221,116,2362,244,308,54,606
2020-01-27,Lo Wu,43145,3643,387,47175,13999,5193,387,19579
2020-01-27,Lok Ma Chau Spur Line,17463,2863,203,20529,7787,3592,175,11554
2020-01-27,Hong Kong-Zhuhai-Macao Bridge,14306,1998,1998,18302,7369,2822,2088,12279
2020-01-27,Lok Ma Chau,10708,1945,356,13009,5174,3655,233,9062
2020-01-27,Man Kam To,1280,281,12,1573,569,324,5,898
2020-01-27,Sha Tau Kok,2212,189,36,2437,617,337,81,1035
2020-01-27,Shenzhen Bay,27513,4507,759,32779,5065,6538,598,12201
2020-01-27,China Ferry Terminal,3124,477,431,4032,944,530,411,1885
2020-01-27,Harbour Control,69,0,32,101,28,0,25,53
2020-01-27,Kai Tak Cruise Terminal,638,56,12,706,706,66,2190,2962
2020-01-27,Macau Ferry Terminal,7258,394,1271,8923,4981,343,1094,6418
2020-01-27,Tuen Mun Ferry Terminal,601,10,18,629,511,2,24,537
2020-01-28,Airport,54491,7187,5422,67100,41100,8306,12151,61557
2020-01-28,Express Rail Link West Kowloon,13133,1828,322,15283,864,2499,212,3575
2020-01-28,Hung Hom,1754,194,64,2012,203,316,56,575
2020-01-28,Lo Wu,39880,3633,381,43894,12598,4654,290,17542
2020-01-28,Lok Ma Chau Spur Line,17313,2575,194,20082,7253,3018,175,10446
2020-01-28,Hong Kong-Zhuhai-Macao Bridge,12420,1551,1534,15505,5417,1795,1625,8837
2020-01-28,Lok Ma Chau,10279,1831,329,12439,4780,2722,202,7704
2020-01-28,Man Kam To,1551,283,4,1838,582,269,3,854
2020-01-28,Sha Tau Kok,2173,245,66,2484,433,210,58,701
2020-01-28,Shenzhen Bay,26094,4217,738,31049,3797,5022,513,9332
2020-01-28,China Ferry Terminal,2761,314,222,3297,509,371,323,1203
2020-01-28,Harbour Control,17,0,34,51,1,0,12,13
2020-01-28,Kai Tak Cruise Terminal,705,56,8,769,427,75,6,508
2020-01-28,Macau Ferry Terminal,5745,238,912,6895,3634,288,864,4786
2020-01-28,Tuen Mun Ferry Terminal,472,4,18,494,306,1,27,334
2020-01-29,Airport,50292,9196,5871,65359,33880,7550,10514,51944
2020-01-29,Express Rail Link West Kowloon,20022,1817,403,22242,1195,3524,261,4980
2020-01-29,Hung Hom,2038,201,87,2326,222,462,79,763
2020-01-29,Lo Wu,44426,4343,485,49254,13519,5099,350,18968
2020-01-29,Lok Ma Chau Spur Line,19574,3003,323,22900,8304,3414,245,11963
2020-01-29,Hong Kong-Zhuhai-Macao Bridge,10793,1363,1168,13324,4213,1588,1479,7280
2020-01-29,Lok Ma Chau,11236,1900,385,13521,5371,3111,252,8734
2020-01-29,Man Kam To,1459,293,11,1763,629,308,10,947
2020-01-29,Sha Tau Kok,2739,320,61,3120,517,311,87,915
2020-01-29,Shenzhen Bay,26892,4695,996,32583,4398,6648,678,11724
2020-01-29,China Ferry Terminal,3138,320,271,3729,522,497,266,1285
2020-01-29,Harbour Control,0,0,41,41,0,0,0,0
2020-01-29,Kai Tak Cruise Terminal,427,75,10,512,372,49,21,442
2020-01-29,Macau Ferry Terminal,4223,250,869,5342,3211,223,877,4311
2020-01-29,Tuen Mun Ferry Terminal,313,4,17,334,293,1,24,318
2020-01-30,Airport,46214,9907,5530,61651,31072,7122,9882,48076
2020-01-30,Express Rail Link West Kowloon,0,0,0,0,0,0,0,0
2020-01-30,Hung Hom,0,0,0,0,0,0,0,0
2020-01-30,Lo Wu,30427,2470,308,33205,13178,3893,294,17365
2020-01-30,Lok Ma Chau Spur Line,15978,1711,205,17894,8048,2570,168,10786
2020-01-30,Hong Kong-Zhuhai-Macao Bridge,7032,946,923,8901,3554,1360,1155,6069
2020-01-30,Lok Ma Chau,9186,1430,312,10928,4706,3386,322,8414
2020-01-30,Man Kam To,0,0,0,0,0,0,0,0
2020-01-30,Sha Tau Kok,0,0,0,0,0,0,0,0
2020-01-30,Shenzhen Bay,17109,2785,660,20554,3707,6196,660,10563
2020-01-30,China Ferry Terminal,0,0,0,0,0,0,0,0
2020-01-30,Harbour Control,1,0,69,70,0,0,22,22
2020-01-30,Kai Tak Cruise Terminal,2921,134,161,3216,682,52,1761,2495
2020-01-30,Macau Ferry Terminal,3638,172,694,4504,3132,249,806,4187
2020-01-30,Tuen Mun Ferry Terminal,0,0,0,0,0,0,0,0
2020-01-31,Airport,49093,7817,5089,61999,28231,5737,7599,41567
2020-01-31,Express Rail Link West Kowloon,0,0,0,0,0,0,0,0
2020-01-31,Hung Hom,0,0,0,0,0,0,0,0
2020-01-31,Lo Wu,24064,1960,257,26281,13695,2845,267,16807
2020-01-31,Lok Ma Chau Spur Line,14044,1518,181,15743,8490,1939,163,10592
2020-01-31,Hong Kong-Zhuhai-Macao Bridge,5754,653,883,7290,3626,897,1078,5601
2020-01-31,Lok Ma Chau,7807,1200,225,9232,4879,2598,302,7779
2020-01-31,Man Kam To,0,0,0,0,0,0,0,0
2020-01-31,Sha Tau Kok,0,0,0,0,0,0,0,0
2020-01-31,Shenzhen Bay,11541,2412,567,14520,3727,4789,632,9148
2020-01-31,China Ferry Terminal,0,0,0,0,0,0,0,0
2020-01-31,Harbour Control,2,0,330,332,2,0,9,11
2020-01-31,Kai Tak Cruise Terminal,828,377,91,1296,1603,65,242,1910
2020-01-31,Macau Ferry Terminal,3411,121,634,4166,3253,124,660,4037
2020-01-31,Tuen Mun Ferry Terminal,0,0,0,0,0,0,0,0
2020-02-01,Airport,55976,5703,4567,66246,28798,5072,8046,41916
2020-02-01,Express Rail Link West Kowloon,0,0,0,0,0,0,0,0
2020-02-01,Hung Hom,0,0,0,0,0,0,0,0
2020-02-01,Lo Wu,21578,1883,276,23737,13759,2347,234,16340
2020-02-01,Lok Ma Chau Spur Line,12975,1505,165,14645,8541,1805,139,10485
2020-02-01,Hong Kong-Zhuhai-Macao Bridge,4926,632,1021,6579,3259,784,1339,5382
2020-02-01,Lok Ma Chau,6674,1134,236,8044,4940,1855,179,6974
2020-02-01,Man Kam To,0,0,0,0,0,0,0,0
2020-02-01,Sha Tau Kok,0,0,0,0,0,0,0,0
2020-02-01,Shenzhen Bay,9788,2429,505,12722,3378,3425,499,7302
2020-02-01,China Ferry Terminal,0,0,0,0,0,0,0,0
2020-02-01,Harbour Control,0,0,60,60,0,0,5,5
2020-02-01,Kai Tak Cruise Terminal,25,8,2334,2367,129,6,1965,2100
2020-02-01,Macau Ferry Terminal,3180,88,596,3864,3043,105,550,3698
2020-02-01,Tuen Mun Ferry Terminal,0,0,0,0,0,0,0,0
2020-02-02,Airport,59083,4649,3762,67494,25570,4360,6898,36828
2020-02-02,Express Rail Link West Kowloon,0,0,0,0,0,0,0,0
2020-02-02,Hung Hom,0,0,0,0,0,0,0,0
2020-02-02,Lo Wu,13138,1159,190,14487,6575,1392,151,8118
2020-02-02,Lok Ma Chau Spur Line,17716,1739,177,19632,9832,2902,209,12943
2020-02-02,Hong Kong-Zhuhai-Macao Bridge,5108,487,804,6399,3165,649,1270,5084
2020-02-02,Lok Ma Chau,10954,1272,254,12480,4362,1820,234,6416
2020-02-02,Man Kam To,0,0,0,0,0,0,0,0
2020-02-02,Sha Tau Kok,0,0,0,0,0,0,0,0
2020-02-02,Shenzhen Bay,11706,2253,606,14565,2968,3130,454,6552
2020-02-02,China Ferry Terminal,0,0,0,0,0,0,0,0
2020-02-02,Harbour Control,0,0,184,184,0,0,0,0
2020-02-02,Kai Tak Cruise Terminal,1637,58,53,1748,2172,22,241,2435
2020-02-02,Macau Ferry Terminal,3057,98,369,3524,2697,110,486,3293
2020-02-02,Tuen Mun Ferry Terminal,0,0,0,0,0,0,0,0
2020-02-03,Airport,41208,6996,3846,52050,21704,3596,5428,30728
2020-02-03,Express Rail Link West Kowloon,0,0,0,0,0,0,0,0
2020-02-03,Hung Hom,0,0,0,0,0,0,0,0
2020-02-03,Lo Wu,27196,1873,368,29437,14938,3078,320,18336
2020-02-03,Lok Ma Chau Spur Line,17037,1038,242,18317,10113,1815,205,12133
2020-02-03,Hong Kong-Zhuhai-Macao Bridge,3595,358,674,4627,3023,723,849,4595
2020-02-03,Lok Ma Chau,9823,1206,281,11310,5461,2150,190,7801
2020-02-03,Man Kam To,0,0,0,0,0,0,0,0
2020-02-03,Sha Tau Kok,0,0,0,0,0,0,0,0
2020-02-03,Shenzhen Bay,8284,1871,504,10659,3960,3754,486,8200
2020-02-03,China Ferry Terminal,0,0,0,0,0,0,0,0
2020-02-03,Harbour Control,0,0,25,25,0,0,29,29
2020-02-03,Kai Tak Cruise Terminal,330,22,6,358,203,21,4,228
2020-02-03,Macau Ferry Terminal,3560,97,564,4221,3333,109,589,4031
2020-02-03,Tuen Mun Ferry Terminal,0,0,0,0,0,0,0,0
2020-02-04,Airport,31173,6317,3647,41137,20187,3550,4471,28208
2020-02-04,Express Rail Link West Kowloon,0,0,0,0,0,0,0,0
2020-02-04,Hung Hom,0,0,0,0,0,0,0,0
2020-02-04,Lo Wu,0,0,0,0,0,0,0,0
2020-02-04,Lok Ma Chau Spur Line,0,0,0,0,0,0,0,0
2020-02-04,Hong Kong-Zhuhai-Macao Bridge,4555,402,1020,5977,3177,985,1020,5182
2020-02-04,Lok Ma Chau,0,0,0,0,0,0,0,0
2020-02-04,Man Kam To,0,0,0,0,0,0,0,0
2020-02-04,Sha Tau Kok,0,0,0,0,0,0,0,0
2020-02-04,Shenzhen Bay,18852,2771,786,22409,10838,6731,809,18378
2020-02-04,China Ferry Terminal,0,0,0,0,0,0,0,0
2020-02-04,Harbour Control,33,0,30,63,30,0,33,63
2020-02-04,Kai Tak Cruise Terminal,203,21,2,226,173,10,2,185
2020-02-04,Macau Ferry Terminal,0,0,0,0,0,0,0,0
2020-02-04,Tuen Mun Ferry Terminal,0,0,0,0,0,0,0,0
2020-02-05,Airport,24832,6041,3592,34465,22297,2591,4404,29292
2020-02-05,Express Rail Link West Kowloon,0,0,0,0,0,0,0,0
2020-02-05,Hung Hom,0,0,0,0,0,0,0,0
2020-02-05,Lo Wu,0,0,0,0,0,0,0,0
2020-02-05,Lok Ma Chau Spur Line,0,0,0,0,0,0,0,0
2020-02-05,Hong Kong-Zhuhai-Macao Bridge,3172,329,1121,4622,2025,925,885,3835
2020-02-05,Lok Ma Chau,0,0,0,0,0,0,0,0
2020-02-05,Man Kam To,0,0,0,0,0,0,0,0
2020-02-05,Sha Tau Kok,0,0,0,0,0,0,0,0
2020-02-05,Shenzhen Bay,16387,2378,714,19479,11893,6359,837,19089
2020-02-05,China Ferry Terminal,0,0,0,0,0,0,0,0
2020-02-05,Harbour Control,0,0,0,0,0,0,0,0
2020-02-05,Kai Tak Cruise Terminal,175,12,31,218,2,2,0,4
2020-02-05,Macau Ferry Terminal,0,0,0,0,0,0,0,0
2020-02-05,Tuen Mun Ferry Terminal,0,0,0,0,0,0,0,0
2020-02-06,Airport,21261,5728,3478,30467,22252,2512,4222,28986
2020-02-06,Express Rail Link West Kowloon,0,0,0,0,0,0,0,0
2020-02-06,Hung Hom,0,0,0,0,0,0,0,0
2020-02-06,Lo Wu,0,0,0,0,0,0,0,0
2020-02-06,Lok Ma Chau Spur Line,0,0,0,0,0,0,0,0
2020-02-06,Hong Kong-Zhuhai-Macao Bridge,4941,468,1188,6597,2608,1068,834,4510
2020-02-06,Lok Ma Chau,0,0,0,0,0,0,0,0
2020-02-06,Man Kam To,0,0,0,0,0,0,0,0
2020-02-06,Sha Tau Kok,0,0,0,0,0,0,0,0
2020-02-06,Shenzhen Bay,38920,4813,1220,44953,21360,7071,1197,29628
2020-02-06,China Ferry Terminal,0,0,0,0,0,0,0,0
2020-02-06,Harbour Control,0,0,0,0,0,0,0,0
2020-02-06,Kai Tak Cruise Terminal,0,0,0,0,0,0,0,0
2020-02-06,Macau Ferry Terminal,0,0,0,0,0,0,0,0
2020-02-06,Tuen Mun Ferry Terminal,0,0,0,0,0,0,0,0
2020-02-07,Airport,19694,5563,3556,28813,21417,2735,4012,28164
2020-02-07,Express Rail Link West Kowloon,0,0,0,0,0,0,0,0
2020-02-07,Hung Hom,0,0,0,0,0,0,0,0
2020-02-07,Lo Wu,0,0,0,0,0,0,0,0
2020-02-07,Lok Ma Chau Spur Line,0,0,0,0,0,0,0,0
2020-02-07,Hong Kong-Zhuhai-Macao Bridge,6699,628,1340,8667,2576,1102,798,4476
2020-02-07,Lok Ma Chau,0,0,0,0,0,0,0,0
2020-02-07,Man Kam To,0,0,0,0,0,0,0,0
2020-02-07,Sha Tau Kok,0,0,0,0,0,0,0,0
2020-02-07,Shenzhen Bay,50506,6555,1441,58502,16746,7282,1320,25348
2020-02-07,China Ferry Terminal,0,0,0,0,0,0,0,0
2020-02-07,Harbour Control,0,0,0,0,0,0,0,0
2020-02-07,Kai Tak Cruise Terminal,0,0,0,0,0,0,0,0
2020-02-07,Macau Ferry Terminal,0,0,0,0,0,0,0,0
2020-02-07,Tuen Mun Ferry Terminal,0,0,0,0,0,0,0,0
2020-02-08,Airport,17956,943,3070,21969,20163,1127,3253,24543
2020-02-08,Express Rail Link West Kowloon,0,0,0,0,0,0,0,0
2020-02-08,Hung Hom,0,0,0,0,0,0,0,0
2020-02-08,Lo Wu,0,0,0,0,0,0,0,0
2020-02-08,Lok Ma Chau Spur Line,0,0,0,0,0,0,0,0
2020-02-08,Hong Kong-Zhuhai-Macao Bridge,659,9,508,1176,750,163,442,1355
2020-02-08,Lok Ma Chau,0,0,0,0,0,0,0,0
2020-02-08,Man Kam To,0,0,0,0,0,0,0,0
2020-02-08,Sha Tau Kok,0,0,0,0,0,0,0,0
2020-02-08,Shenzhen Bay,208,43,3,254,1291,1351,549,3191
2020-02-08,China Ferry Terminal,0,0,0,0,0,0,0,0
2020-02-08,Harbour Control,0,0,0,0,0,0,0,0
2020-02-08,Kai Tak Cruise Terminal,0,0,0,0,0,0,0,0
2020-02-08,Macau Ferry Terminal,0,0,0,0,0,0,0,0
2020-02-08,Tuen Mun Ferry Terminal,0,0,0,0,0,0,0,0
2020-02-09,Airport,22077,913,2591,25581,17782,971,3200,21953
2020-02-09,Express Rail Link West Kowloon,0,0,0,0,0,0,0,0
2020-02-09,Hung Hom,0,0,0,0,0,0,0,0
2020-02-09,Lo Wu,0,0,0,0,0,0,0,0
2020-02-09,Lok Ma Chau Spur Line,0,0,0,0,0,0,0,0
2020-02-09,Hong Kong-Zhuhai-Macao Bridge,710,7,493,1210,1185,167,524,1876
2020-02-09,Lok Ma Chau,0,0,0,0,0,0,0,0
2020-02-09,Man Kam To,0,0,0,0,0,0,0,0
2020-02-09,Sha Tau Kok,0,0,0,0,0,0,0,0
2020-02-09,Shenzhen Bay,314,36,3,353,1802,1303,573,3678
2020-02-09,China Ferry Terminal,0,0,0,0,0,0,0,0
2020-02-09,Harbour Control,0,0,0,0,0,0,0,0
2020-02-09,Kai Tak Cruise Terminal,1838,0,33,1871,0,0,0,0
2020-02-09,Macau Ferry Terminal,0,0,0,0,0,0,0,0
2020-02-09,Tuen Mun Ferry Terminal,0,0,0,0,0,0,0,0
2020-02-10,Airport,17139,766,2037,19942,15550,535,3219,19304
2020-02-10,Express Rail Link West Kowloon,0,0,0,0,0,0,0,0
2020-02-10,Hung Hom,0,0,0,0,0,0,0,0
2020-02-10,Lo Wu,0,0,0,0,0,0,0,0
2020-02-10,Lok Ma Chau Spur Line,0,0,0,0,0,0,0,0
2020-02-10,Hong Kong-Zhuhai-Macao Bridge,808,10,496,1314,1508,137,444,2089
2020-02-10,Lok Ma Chau,0,0,0,0,0,0,0,0
2020-02-10,Man Kam To,0,0,0,0,0,0,0,0
2020-02-10,Sha Tau Kok,0,0,0,0,0,0,0,0
2020-02-10,Shenzhen Bay,461,56,4,521,1835,1016,185,3036
2020-02-10,China Ferry Terminal,0,0,0,0,0,0,0,0
2020-02-10,Harbour Control,0,0,0,0,0,0,0,0
2020-02-10,Kai Tak Cruise Terminal,0,0,0,0,0,0,0,0
2020-02-10,Macau Ferry Terminal,0,0,0,0,0,0,0,0
2020-02-10,Tuen Mun Ferry Terminal,0,0,0,0,0,0,0,0
2020-02-11,Airport,14663,647,2107,17417,12645,481,2556,15682
2020-02-11,Express Rail Link West Kowloon,0,0,0,0,0,0,0,0
2020-02-11,Hung Hom,0,0,0,0,0,0,0,0
2020-02-11,Lo Wu,0,0,0,0,0,0,0,0
2020-02-11,Lok Ma Chau Spur Line,0,0,0,0,0,0,0,0
2020-02-11,Hong Kong-Zhuhai-Macao Bridge,729,11,458,1198,960,103,452,1515
2020-02-11,Lok Ma Chau,0,0,0,0,0,0,0,0
2020-02-11,Man Kam To,0,0,0,0,0,0,0,0
2020-02-11,Sha Tau Kok,0,0,0,0,0,0,0,0
2020-02-11,Shenzhen Bay,561,80,4,645,1105,739,140,1984
2020-02-11,China Ferry Terminal,0,0,0,0,0,0,0,0
2020-02-11,Harbour Control,0,0,0,0,0,0,0,0
2020-02-11,Kai Tak Cruise Terminal,0,0,0,0,0,0,0,0
2020-02-11,Macau Ferry Terminal,0,0,0,0,0,0,0,0
2020-02-11,Tuen Mun Ferry Terminal,0,0,0,0,0,0,0,0
2020-02-12,Airport,14221,619,1725,16565,13637,471,2358,16466
2020-02-12,Express Rail Link West Kowloon,0,0,0,0,0,0,0,0
2020-02-12,Hung Hom,0,0,0,0,0,0,0,0
2020-02-12,Lo Wu,0,0,0,0,0,0,0,0
2020-02-12,Lok Ma Chau Spur Line,0,0,0,0,0,0,0,0
2020-02-12,Hong Kong-Zhuhai-Macao Bridge,862,4,449,1315,904,109,350,1363
2020-02-12,Lok Ma Chau,0,0,0,0,0,0,0,0
2020-02-12,Man Kam To,0,0,0,0,0,0,0,0
2020-02-12,Sha Tau Kok,0,0,0,0,0,0,0,0
2020-02-12,Shenzhen Bay,709,106,2,817,1219,862,114,2195
2020-02-12,China Ferry Terminal,0,0,0,0,0,0,0,0
2020-02-12,Harbour Control,0,0,0,0,0,0,0,0
2020-02-12,Kai Tak Cruise Terminal,0,0,0,0,0,0,0,0
2020-02-12,Macau Ferry Terminal,0,0,0,0,0,0,0,0
2020-02-12,Tuen Mun Ferry Terminal,0,0,0,0,0,0,0,0
2020-02-13,Airport,11620,638,1938,14196,15259,453,2150,17862
2020-02-13,Express Rail Link West Kowloon,0,0,0,0,0,0,0,0
2020-02-13,Hung Hom,0,0,0,0,0,0,0,0
2020-02-13,Lo Wu,0,0,0,0,0,0,0,0
2020-02-13,Lok Ma Chau Spur Line,0,0,0,0,0,0,0,0
2020-02-13,Hong Kong-Zhuhai-Macao Bridge,936,8,503,1447,1089,124,450,1663
2020-02-13,Lok Ma Chau,0,0,0,0,0,0,0,0
2020-02-13,Man Kam To,0,0,0,0,0,0,0,0
2020-02-13,Sha Tau Kok,0,0,0,0,0,0,0,0
2020-02-13,Shenzhen Bay,756,105,17,878,1056,856,104,2016
2020-02-13,China Ferry Terminal,0,0,0,0,0,0,0,0
2020-02-13,Harbour Control,0,0,0,0,0,0,0,0
2020-02-13,Kai Tak Cruise Terminal,0,0,0,0,0,0,0,0
2020-02-13,Macau Ferry Terminal,0,0,0,0,0,0,0,0
2020-02-13,Tuen Mun Ferry Terminal,0,0,0,0,0,0,0,0
2020-02-14,Airport,11246,584,2015,13845,15770,477,2012,18259
2020-02-14,Express Rail Link West Kowloon,0,0,0,0,0,0,0,0
2020-02-14,Hung Hom,0,0,0,0,0,0,0,0
2020-02-14,Lo Wu,0,0,0,0,0,0,0,0
2020-02-14,Lok Ma Chau Spur Line,0,0,0,0,0,0,0,0
2020-02-14,Hong Kong-Zhuhai-Macao Bridge,1491,5,553,2049,1298,110,447,1855
2020-02-14,Lok Ma Chau,0,0,0,0,0,0,0,0
2020-02-14,Man Kam To,0,0,0,0,0,0,0,0
2020-02-14,Sha Tau Kok,0,0,0,0,0,0,0,0
2020-02-14,Shenzhen Bay,770,94,6,870,1092,1016,117,2225
2020-02-14,China Ferry Terminal,0,0,0,0,0,0,0,0
2020-02-14,Harbour Control,0,0,0,0,0,0,0,0
2020-02-14,Kai Tak Cruise Terminal,0,0,0,0,0,0,0,0
2020-02-14,Macau Ferry Terminal,0,0,0,0,0,0,0,0
2020-02-14,Tuen Mun Ferry Terminal,0,0,0,0,0,0,0,0
2020-02-15,Airport,14097,692,2098,16887,14575,390,2064,17029
2020-02-15,Express Rail Link West Kowloon,0,0,0,0,0,0,0,0
2020-02-15,Hung Hom,0,0,0,0,0,0,0,0
2020-02-15,Lo Wu,0,0,0,0,0,0,0,0
2020-02-15,Lok Ma Chau Spur Line,0,0,0,0,0,0,0,0
2020-02-15,Hong Kong-Zhuhai-Macao Bridge,1183,5,524,1712,1060,119,486,1665
2020-02-15,Lok Ma Chau,0,0,0,0,0,0,0,0
2020-02-15,Man Kam To,0,0,0,0,0,0,0,0
2020-02-15,Sha Tau Kok,0,0,0,0,0,0,0,0
2020-02-15,Shenzhen Bay,809,94,7,910,945,621,150,1716
2020-02-15,China Ferry Terminal,0,0,0,0,0,0,0,0
2020-02-15,Harbour Control,0,0,0,0,0,0,0,0
2020-02-15,Kai Tak Cruise Terminal,0,0,0,0,0,0,0,0
2020-02-15,Macau Ferry Terminal,0,0,0,0,0,0,0,0
2020-02-15,Tuen Mun Ferry Terminal,0,0,0,0,0,0,0,0
2020-02-16,Airport,18422,650,1848,20920,12257,349,2524,15130
2020-02-16,Express Rail Link West Kowloon,0,0,0,0,0,0,0,0
2020-02-16,Hung Hom,0,0,0,0,0,0,0,0
2020-02-16,Lo Wu,0,0,0,0,0,0,0,0
2020-02-16,Lok Ma Chau Spur Line,0,0,0,0,0,0,0,0
2020-02-16,Hong Kong-Zhuhai-Macao Bridge,1106,2,465,1573,1473,76,646,2195
2020-02-16,Lok Ma Chau,0,0,0,0,0,0,0,0
2020-02-16,Man Kam To,0,0,0,0,0,0,0,0
2020-02-16,Sha Tau Kok,0,0,0,0,0,0,0,0
2020-02-16,Shenzhen Bay,797,97,6,900,1166,764,203,2133
2020-02-16,China Ferry Terminal,0,0,0,0,0,0,0,0
2020-02-16,Harbour Control,0,0,0,0,0,0,0,0
2020-02-16,Kai Tak Cruise Terminal,0,0,0,0,0,0,0,0
2020-02-16,Macau Ferry Terminal,0,0,0,0,0,0,0,0
2020-02-16,Tuen Mun Ferry Terminal,0,0,0,0,0,0,0,0
2020-02-17,Airport,13748,532,1876,16156,10210,212,2018,12440
2020-02-17,Express Rail Link West Kowloon,0,0,0,0,0,0,0,0
2020-02-17,Hung Hom,0,0,0,0,0,0,0,0
2020-02-17,Lo Wu,0,0,0,0,0,0,0,0
2020-02-17,Lok Ma Chau Spur Line,0,0,0,0,0,0,0,0
2020-02-17,Hong Kong-Zhuhai-Macao Bridge,1264,3,488,1755,2000,87,625,2712
2020-02-17,Lok Ma Chau,0,0,0,0,0,0,0,0
2020-02-17,Man Kam To,0,0,0,0,0,0,0,0
2020-02-17,Sha Tau Kok,0,0,0,0,0,0,0,0
2020-02-17,Shenzhen Bay,978,108,4,1090,1724,600,173,2497
2020-02-17,China Ferry Terminal,0,0,0,0,0,0,0,0
2020-02-17,Harbour Control,0,0,0,0,0,0,0,0
2020-02-17,Kai Tak Cruise Terminal,0,0,0,0,0,0,0,0
2020-02-17,Macau Ferry Terminal,0,0,0,0,0,0,0,0
2020-02-17,Tuen Mun Ferry Terminal,0,0,0,0,0,0,0,0
2020-02-18,Airport,12068,479,1862,14409,8900,266,1722,10888
2020-02-18,Express Rail Link West Kowloon,0,0,0,0,0,0,0,0
2020-02-18,Hung Hom,0,0,0,0,0,0,0,0
2020-02-18,Lo Wu,0,0,0,0,0,0,0,0
2020-02-18,Lok Ma Chau Spur Line,0,0,0,0,0,0,0,0
2020-02-18,Hong Kong-Zhuhai-Macao Bridge,1361,5,579,1945,1955,74,730,2759
2020-02-18,Lok Ma Chau,0,0,0,0,0,0,0,0
2020-02-18,Man Kam To,0,0,0,0,0,0,0,0
2020-02-18,Sha Tau Kok,0,0,0,0,0,0,0,0
2020-02-18,Shenzhen Bay,954,95,10,1059,1160,519,155,1834
2020-02-18,China Ferry Terminal,0,0,0,0,0,0,0,0
2020-02-18,Harbour Control,0,0,0,0,0,0,0,0
2020-02-18,Kai Tak Cruise Terminal,0,0,0,0,0,0,0,0
2020-02-18,Macau Ferry Terminal,0,0,0,0,0,0,0,0
2020-02-18,Tuen Mun Ferry Terminal,0,0,0,0,0,0,0,0
2020-02-19,Airport,10612,462,1789,12863,10048,214,1582,11844
2020-02-19,Express Rail Link West Kowloon,0,0,0,0,0,0,0,0
2020-02-19,Hung Hom,0,0,0,0,0,0,0,0
2020-02-19,Lo Wu,0,0,0,0,0,0,0,0
2020-02-19,Lok Ma Chau Spur Line,0,0,0,0,0,0,0,0
2020-02-19,Hong Kong-Zhuhai-Macao Bridge,1280,8,496,1784,1776,64,609,2449
2020-02-19,Lok Ma Chau,0,0,0,0,0,0,0,0
2020-02-19,Man Kam To,0,0,0,0,0,0,0,0
2020-02-19,Sha Tau Kok,0,0,0,0,0,0,0,0
2020-02-19,Shenzhen Bay,909,97,5,1011,1145,508,113,1766
2020-02-19,China Ferry Terminal,0,0,0,0,0,0,0,0
2020-02-19,Harbour Control,0,0,0,0,0,0,0,0
2020-02-19,Kai Tak Cruise Terminal,0,0,0,0,0,0,0,0
2020-02-19,Macau Ferry Terminal,0,0,0,0,0,0,0,0
2020-02-19,Tuen Mun Ferry Terminal,0,0,0,0,0,0,0,0
2020-02-20,Airport,10398,525,1730,12653,11622,280,1944,13846
2020-02-20,Express Rail Link West Kowloon,0,0,0,0,0,0,0,0
2020-02-20,Hung Hom,0,0,0,0,0,0,0,0
2020-02-20,Lo Wu,0,0,0,0,0,0,0,0
2020-02-20,Lok Ma Chau Spur Line,0,0,0,0,0,0,0,0
2020-02-20,Hong Kong-Zhuhai-Macao Bridge,2299,13,585,2897,3135,96,551,3782
2020-02-20,Lok Ma Chau,0,0,0,0,0,0,0,0
2020-02-20,Man Kam To,0,0,0,0,0,0,0,0
2020-02-20,Sha Tau Kok,0,0,0,0,0,0,0,0
2020-02-20,Shenzhen Bay,980,110,9,1099,1167,564,111,1842
2020-02-20,China Ferry Terminal,0,0,0,0,0,0,0,0
2020-02-20,Harbour Control,0,0,0,0,0,0,0,0
2020-02-20,Kai Tak Cruise Terminal,0,0,0,0,0,0,0,0
2020-02-20,Macau Ferry Terminal,0,0,0,0,0,0,0,0
2020-02-20,Tuen Mun Ferry Terminal,0,0,0,0,0,0,0,0
2020-02-21,Airport,9821,539,2007,12367,12942,356,1749,15047
2020-02-21,Express Rail Link West Kowloon,0,0,0,0,0,0,0,0
2020-02-21,Hung Hom,0,0,0,0,0,0,0,0
2020-02-21,Lo Wu,0,0,0,0,0,0,0,0
2020-02-21,Lok Ma Chau Spur Line,0,0,0,0,0,0,0,0
2020-02-21,Hong Kong-Zhuhai-Macao Bridge,3647,28,685,4360,3362,95,549,4006
2020-02-21,Lok Ma Chau,0,0,0,0,0,0,0,0
2020-02-21,Man Kam To,0,0,0,0,0,0,0,0
2020-02-21,Sha Tau Kok,0,0,0,0,0,0,0,0
2020-02-21,Shenzhen Bay,1089,115,4,1208,1195,534,115,1844
2020-02-21,China Ferry Terminal,0,0,0,0,0,0,0,0
2020-02-21,Harbour Control,0,0,0,0,0,0,0,0
2020-02-21,Kai Tak Cruise Terminal,0,0,0,0,0,0,0,0
2020-02-21,Macau Ferry Terminal,0,0,0,0,0,0,0,0
2020-02-21,Tuen Mun Ferry Terminal,0,0,0,0,0,0,0,0
2020-02-22,Airport,11096,530,2030,13656,10534,247,1888,12669
2020-02-22,Express Rail Link West Kowloon,0,0,0,0,0,0,0,0
2020-02-22,Hung Hom,0,0,0,0,0,0,0,0
2020-02-22,Lo Wu,0,0,0,0,0,0,0,0
2020-02-22,Lok Ma Chau Spur Line,0,0,0,0,0,0,0,0
2020-02-22,Hong Kong-Zhuhai-Macao Bridge,3364,14,648,4026,3511,83,641,4235
2020-02-22,Lok Ma Chau,0,0,0,0,0,0,0,0
2020-02-22,Man Kam To,0,0,0,0,0,0,0,0
2020-02-22,Sha Tau Kok,0,0,0,0,0,0,0,0
2020-02-22,Shenzhen Bay,980,107,2,1089,1115,487,124,1726
2020-02-22,China Ferry Terminal,0,0,0,0,0,0,0,0
2020-02-22,Harbour Control,0,0,0,0,0,0,0,0
2020-02-22,Kai Tak Cruise Terminal,0,0,0,0,0,0,0,0
2020-02-22,Macau Ferry Terminal,0,0,0,0,0,0,0,0
2020-02-22,Tuen Mun Ferry Terminal,0,0,0,0,0,0,0,0
2020-02-23,Airport,15891,537,2009,18437,9225,296,2141,11662
2020-02-23,Express Rail Link West Kowloon,0,0,0,0,0,0,0,0
2020-02-23,Hung Hom,0,0,0,0,0,0,0,0
2020-02-23,Lo Wu,0,0,0,0,0,0,0,0
2020-02-23,Lok Ma Chau Spur Line,0,0,0,0,0,0,0,0
2020-02-23,Hong Kong-Zhuhai-Macao Bridge,3203,10,633,3846,3342,86,775,4203
2020-02-23,Lok Ma Chau,0,0,0,0,0,0,0,0
2020-02-23,Man Kam To,0,0,0,0,0,0,0,0
2020-02-23,Sha Tau Kok,0,0,0,0,0,0,0,0
2020-02-23,Shenzhen Bay,1147,126,9,1282,1338,579,273,2190
2020-02-23,China Ferry Terminal,0,0,0,0,0,0,0,0
2020-02-23,Harbour Control,0,0,0,0,0,0,0,0
2020-02-23,Kai Tak Cruise Terminal,0,0,0,0,0,0,0,0
2020-02-23,Macau Ferry Terminal,0,0,0,0,0,0,0,0
2020-02-23,Tuen Mun Ferry Terminal,0,0,0,0,0,0,0,0
2020-02-24,Airport,12267,451,1792,14510,8041,231,1919,10191
2020-02-24,Express Rail Link West Kowloon,0,0,0,0,0,0,0,0
2020-02-24,Hung Hom,0,0,0,0,0,0,0,0
2020-02-24,Lo Wu,0,0,0,0,0,0,0,0
2020-02-24,Lok Ma Chau Spur Line,0,0,0,0,0,0,0,0
2020-02-24,Hong Kong-Zhuhai-Macao Bridge,3352,7,611,3970,4211,74,682,4967
2020-02-24,Lok Ma Chau,0,0,0,0,0,0,0,0
2020-02-24,Man Kam To,0,0,0,0,0,0,0,0
2020-02-24,Sha Tau Kok,0,0,0,0,0,0,0,0
2020-02-24,Shenzhen Bay,1353,130,7,1490,1964,482,181,2627
2020-02-24,China Ferry Terminal,0,0,0,0,0,0,0,0
2020-02-24,Harbour Control,0,0,0,0,0,0,0,0
2020-02-24,Kai Tak Cruise Terminal,0,0,0,0,0,0,0,0
2020-02-24,Macau Ferry Terminal,0,0,0,0,0,0,0,0
2020-02-24,Tuen Mun Ferry Terminal,0,0,0,0,0,0,0,0
2020-02-25,Airport,10734,414,1471,12619,7458,181,1574,9213
2020-02-25,Express Rail Link West Kowloon,0,0,0,0,0,0,0,0
2020-02-25,Hung Hom,0,0,0,0,0,0,0,0
2020-02-25,Lo Wu,0,0,0,0,0,0,0,0
2020-02-25,Lok Ma Chau Spur Line,0,0,0,0,0,0,0,0
2020-02-25,Hong Kong-Zhuhai-Macao Bridge,3145,13,591,3749,3281,88,593,3962
2020-02-25,Lok Ma Chau,0,0,0,0,0,0,0,0
2020-02-25,Man Kam To,0,0,0,0,0,0,0,0
2020-02-25,Sha Tau Kok,0,0,0,0,0,0,0,0
2020-02-25,Shenzhen Bay,1328,131,5,1464,1510,503,141,2154
2020-02-25,China Ferry Terminal,0,0,0,0,0,0,0,0
2020-02-25,Harbour Control,0,0,0,0,0,0,0,0
2020-02-25,Kai Tak Cruise Terminal,0,0,0,0,0,0,0,0
2020-02-25,Macau Ferry Terminal,0,0,0,0,0,0,0,0
2020-02-25,Tuen Mun Ferry Terminal,0,0,0,0,0,0,0,0
2020-02-26,Airport,9882,410,1484,11776,7629,212,1521,9362
2020-02-26,Express Rail Link West Kowloon,0,0,0,0,0,0,0,0
2020-02-26,Hung Hom,0,0,0,0,0,0,0,0
2020-02-26,Lo Wu,0,0,0,0,0,0,0,0
2020-02-26,Lok Ma Chau Spur Line,0,0,0,0,0,0,0,0
2020-02-26,Hong Kong-Zhuhai-Macao Bridge,3233,11,662,3906,3424,78,580,4082
2020-02-26,Lok Ma Chau,0,0,0,0,0,0,0,0
2020-02-26,Man Kam To,0,0,0,0,0,0,0,0
2020-02-26,Sha Tau Kok,0,0,0,0,0,0,0,0
2020-02-26,Shenzhen Bay,1202,166,11,1379,1695,548,179,2422
2020-02-26,China Ferry Terminal,0,0,0,0,0,0,0,0
2020-02-26,Harbour Control,0,0,0,0,0,0,0,0
2020-02-26,Kai Tak Cruise Terminal,0,0,0,0,0,0,0,0
2020-02-26,Macau Ferry Terminal,0,0,0,0,0,0,0,0
2020-02-26,Tuen Mun Ferry Terminal,0,0,0,0,0,0,0,0
2020-02-27,Airport,9177,512,1780,11469,9051,168,1501,10720
2020-02-27,Express Rail Link West Kowloon,0,0,0,0,0,0,0,0
2020-02-27,Hung Hom,0,0,0,0,0,0,0,0
2020-02-27,Lo Wu,0,0,0,0,0,0,0,0
2020-02-27,Lok Ma Chau Spur Line,0,0,0,0,0,0,0,0
2020-02-27,Hong Kong-Zhuhai-Macao Bridge,3420,20,616,4056,3672,99,670,4441
2020-02-27,Lok Ma Chau,0,0,0,0,0,0,0,0
2020-02-27,Man Kam To,0,0,0,0,0,0,0,0
2020-02-27,Sha Tau Kok,0,0,0,0,0,0,0,0
2020-02-27,Shenzhen Bay,1249,170,8,1427,1564,647,183,2394
2020-02-27,China Ferry Terminal,0,0,0,0,0,0,0,0
2020-02-27,Harbour Control,0,0,0,0,0,0,0,0
2020-02-27,Kai Tak Cruise Terminal,0,0,0,0,0,0,0,0
2020-02-27,Macau Ferry Terminal,0,0,0,0,0,0,0,0
2020-02-27,Tuen Mun Ferry Terminal,0,0,0,0,0,0,0,0
2020-02-28,Airport,9205,369,1767,11341,10755,255,1747,12757
2020-02-28,Express Rail Link West Kowloon,0,0,0,0,0,0,0,0
2020-02-28,Hung Hom,0,0,0,0,0,0,0,0
2020-02-28,Lo Wu,0,0,0,0,0,0,0,0
2020-02-28,Lok Ma Chau Spur Line,0,0,0,0,0,0,0,0
2020-02-28,Hong Kong-Zhuhai-Macao Bridge,4763,8,865,5636,4669,90,663,5422
2020-02-28,Lok Ma Chau,0,0,0,0,0,0,0,0
2020-02-28,Man Kam To,0,0,0,0,0,0,0,0
2020-02-28,Sha Tau Kok,0,0,0,0,0,0,0,0
2020-02-28,Shenzhen Bay,1280,181,10,1471,1724,566,175,2465
2020-02-28,China Ferry Terminal,0,0,0,0,0,0,0,0
2020-02-28,Harbour Control,0,0,0,0,0,0,0,0
2020-02-28,Kai Tak Cruise Terminal,0,0,0,0,0,0,0,0
2020-02-28,Macau Ferry Terminal,0,0,0,0,0,0,0,0
2020-02-28,Tuen Mun Ferry Terminal,0,0,0,0,0,0,0,0
2020-02-29,Airport,11818,870,1893,14581,9860,230,1688,11778
2020-02-29,Express Rail Link West Kowloon,0,0,0,0,0,0,0,0
2020-02-29,Hung Hom,0,0,0,0,0,0,0,0
2020-02-29,Lo Wu,0,0,0,0,0,0,0,0
2020-02-29,Lok Ma Chau Spur Line,0,0,0,0,0,0,0,0
2020-02-29,Hong Kong-Zhuhai-Macao Bridge,4676,19,901,5596,4866,87,787,5740
2020-02-29,Lok Ma Chau,0,0,0,0,0,0,0,0
2020-02-29,Man Kam To,0,0,0,0,0,0,0,0
2020-02-29,Sha Tau Kok,0,0,0,0,0,0,0,0
2020-02-29,Shenzhen Bay,1387,195,3,1585,1807,947,329,3083
2020-02-29,China Ferry Terminal,0,0,0,0,0,0,0,0
2020-02-29,Harbour Control,0,0,0,0,0,0,0,0
2020-02-29,Kai Tak Cruise Terminal,0,0,0,0,0,0,0,0
2020-02-29,Macau Ferry Terminal,0,0,0,0,0,0,0,0
2020-02-29,Tuen Mun Ferry Terminal,0,0,0,0,0,0,0,0
2020-03-01,Airport,14584,1122,2461,18167,9115,354,1850,11319
2020-03-01,Express Rail Link West Kowloon,0,0,0,0,0,0,0,0
2020-03-01,Hung Hom,0,0,0,0,0,0,0,0
2020-03-01,Lo Wu,0,0,0,0,0,0,0,0
2020-03-01,Lok Ma Chau Spur Line,0,0,0,0,0,0,0,0
2020-03-01,Hong Kong-Zhuhai-Macao Bridge,4820,13,767,5600,4587,194,905,5686
2020-03-01,Lok Ma Chau,0,0,0,0,0,0,0,0
2020-03-01,Man Kam To,0,0,0,0,0,0,0,0
2020-03-01,Sha Tau Kok,0,0,0,0,0,0,0,0
2020-03-01,Shenzhen Bay,1587,211,9,1807,2053,1247,931,4231
2020-03-01,China Ferry Terminal,0,0,0,0,0,0,0,0
2020-03-01,Harbour Control,0,0,0,0,0,0,0,0
2020-03-01,Kai Tak Cruise Terminal,0,0,0,0,0,0,0,0
2020-03-01,Macau Ferry Terminal,0,0,0,0,0,0,0,0
2020-03-01,Tuen Mun Ferry Terminal,0,0,0,0,0,0,0,0
2020-03-02,Airport,10261,732,1935,12928,6755,206,1314,8275
2020-03-02,Express Rail Link West Kowloon,0,0,0,0,0,0,0,0
2020-03-02,Hung Hom,0,0,0,0,0,0,0,0
2020-03-02,Lo Wu,0,0,0,0,0,0,0,0
2020-03-02,Lok Ma Chau Spur Line,0,0,0,0,0,0,0,0
2020-03-02,Hong Kong-Zhuhai-Macao Bridge,4244,10,738,4992,5321,93,836,6250
2020-03-02,Lok Ma Chau,0,0,0,0,0,0,0,0
2020-03-02,Man Kam To,0,0,0,0,0,0,0,0
2020-03-02,Sha Tau Kok,0,0,0,0,0,0,0,0
2020-03-02,Shenzhen Bay,2124,231,9,2364,2551,924,655,4130
2020-03-02,China Ferry Terminal,0,0,0,0,0,0,0,0
2020-03-02,Harbour Control,0,0,0,0,0,0,0,0
2020-03-02,Kai Tak Cruise Terminal,0,0,0,0,0,0,0,0
2020-03-02,Macau Ferry Terminal,0,0,0,0,0,0,0,0
2020-03-02,Tuen Mun Ferry Terminal,0,0,0,0,0,0,0,0
2020-03-03,Airport,7960,734,1923,10617,6684,190,1349,8223
2020-03-03,Express Rail Link West Kowloon,0,0,0,0,0,0,0,0
2020-03-03,Hung Hom,0,0,0,0,0,0,0,0
2020-03-03,Lo Wu,0,0,0,0,0,0,0,0
2020-03-03,Lok Ma Chau Spur Line,0,0,0,0,0,0,0,0
2020-03-03,Hong Kong-Zhuhai-Macao Bridge,4398,19,756,5173,4798,117,780,5695
2020-03-03,Lok Ma Chau,0,0,0,0,0,0,0,0
2020-03-03,Man Kam To,0,0,0,0,0,0,0,0
2020-03-03,Sha Tau Kok,0,0,0,0,0,0,0,0
2020-03-03,Shenzhen Bay,1479,165,3,1647,1970,793,667,3430
2020-03-03,China Ferry Terminal,0,0,0,0,0,0,0,0
2020-03-03,Harbour Control,0,0,0,0,0,0,0,0
2020-03-03,Kai Tak Cruise Terminal,0,0,0,0,0,0,0,0
2020-03-03,Macau Ferry Terminal,0,0,0,0,0,0,0,0
2020-03-03,Tuen Mun Ferry Terminal,0,0,0,0,0,0,0,0
2020-03-04,Airport,7590,772,1847,10209,7170,213,1123,8506
2020-03-04,Express Rail Link West Kowloon,0,0,0,0,0,0,0,0
2020-03-04,Hung Hom,0,0,0,0,0,0,0,0
2020-03-04,Lo Wu,0,0,0,0,0,0,0,0
2020-03-04,Lok Ma Chau Spur Line,0,0,0,0,0,0,0,0
2020-03-04,Hong Kong-Zhuhai-Macao Bridge,4368,9,753,5130,4539,92,802,5433
2020-03-04,Lok Ma Chau,0,0,0,0,0,0,0,0
2020-03-04,Man Kam To,0,0,0,0,0,0,0,0
2020-03-04,Sha Tau Kok,0,0,0,0,0,0,0,0
2020-03-04,Shenzhen Bay,1306,192,7,1505,1684,806,664,3154
2020-03-04,China Ferry Terminal,0,0,0,0,0,0,0,0
2020-03-04,Harbour Control,0,0,0,0,0,0,0,0
2020-03-04,Kai Tak Cruise Terminal,0,0,0,0,0,0,0,0
2020-03-04,Macau Ferry Terminal,0,0,0,0,0,0,0,0
2020-03-04,Tuen Mun Ferry Terminal,0,0,0,0,0,0,0,0
2020-03-05,Airport,7074,673,1749,9496,8141,190,1289,9620
2020-03-05,Express Rail Link West Kowloon,0,0,0,0,0,0,0,0
2020-03-05,Hung Hom,0,0,0,0,0,0,0,0
2020-03-05,Lo Wu,0,0,0,0,0,0,0,0
2020-03-05,Lok Ma Chau Spur Line,0,0,0,0,0,0,0,0
2020-03-05,Hong Kong-Zhuhai-Macao Bridge,4752,17,782,5551,4999,96,776,5871
2020-03-05,Lok Ma Chau,0,0,0,0,0,0,0,0
2020-03-05,Man Kam To,0,0,0,0,0,0,0,0
2020-03-05,Sha Tau Kok,0,0,0,0,0,0,0,0
2020-03-05,Shenzhen Bay,1419,226,3,1648,1589,767,638,2994
2020-03-05,China Ferry Terminal,0,0,0,0,0,0,0,0
2020-03-05,Harbour Control,0,0,0,0,0,0,0,0
2020-03-05,Kai Tak Cruise Terminal,0,0,0,0,0,0,0,0
2020-03-05,Macau Ferry Terminal,0,0,0,0,0,0,0,0
2020-03-05,Tuen Mun Ferry Terminal,0,0,0,0,0,0,0,0
2020-03-06,Airport,7474,705,1877,10056,8746,215,1150,10111
2020-03-06,Express Rail Link West Kowloon,0,0,0,0,0,0,0,0
2020-03-06,Hung Hom,0,0,0,0,0,0,0,0
2020-03-06,Lo Wu,0,0,0,0,0,0,0,0
2020-03-06,Lok Ma Chau Spur Line,0,0,0,0,0,0,0,0
2020-03-06,Hong Kong-Zhuhai-Macao Bridge,6255,22,894,7171,6030,116,768,6914
2020-03-06,Lok Ma Chau,0,0,0,0,0,0,0,0
2020-03-06,Man Kam To,0,0,0,0,0,0,0,0
2020-03-06,Sha Tau Kok,0,0,0,0,0,0,0,0
2020-03-06,Shenzhen Bay,1425,251,8,1684,1550,734,544,2828
2020-03-06,China Ferry Terminal,0,0,0,0,0,0,0,0
2020-03-06,Harbour Control,0,0,0,0,0,0,0,0
2020-03-06,Kai Tak Cruise Terminal,0,0,0,0,0,0,0,0
2020-03-06,Macau Ferry Terminal,0,0,0,0,0,0,0,0
2020-03-06,Tuen Mun Ferry Terminal,0,0,0,0,0,0,0,0
2020-03-07,Airport,8659,795,1919,11373,7316,216,1398,8930
2020-03-07,Express Rail Link West Kowloon,0,0,0,0,0,0,0,0
2020-03-07,Hung Hom,0,0,0,0,0,0,0,0
2020-03-07,Lo Wu,0,0,0,0,0,0,0,0
2020-03-07,Lok Ma Chau Spur Line,0,0,0,0,0,0,0,0
2020-03-07,Hong Kong-Zhuhai-Macao Bridge,5935,26,973,6934,6440,132,903,7475
2020-03-07,Lok Ma Chau,0,0,0,0,0,0,0,0
2020-03-07,Man Kam To,0,0,0,0,0,0,0,0
2020-03-07,Sha Tau Kok,0,0,0,0,0,0,0,0
2020-03-07,Shenzhen Bay,1180,269,2,1451,1380,856,622,2858
2020-03-07,China Ferry Terminal,0,0,0,0,0,0,0,0
2020-03-07,Harbour Control,0,0,0,0,0,0,0,0
2020-03-07,Kai Tak Cruise Terminal,0,0,0,0,0,0,0,0
2020-03-07,Macau Ferry Terminal,0,0,0,0,0,0,0,0
2020-03-07,Tuen Mun Ferry Terminal,0,0,0,0,0,0,0,0
2020-03-08,Airport,12538,730,1833,15101,6371,276,1376,8023
2020-03-08,Express Rail Link West Kowloon,0,0,0,0,0,0,0,0
2020-03-08,Hung Hom,0,0,0,0,0,0,0,0
2020-03-08,Lo Wu,0,0,0,0,0,0,0,0
2020-03-08,Lok Ma Chau Spur Line,0,0,0,0,0,0,0,0
2020-03-08,Hong Kong-Zhuhai-Macao Bridge,6331,23,806,7160,5935,109,1127,7171
2020-03-08,Lok Ma Chau,0,0,0,0,0,0,0,0
2020-03-08,Man Kam To,0,0,0,0,0,0,0,0
2020-03-08,Sha Tau Kok,0,0,0,0,0,0,0,0
2020-03-08,Shenzhen Bay,1386,252,9,1647,1547,897,678,3122
2020-03-08,China Ferry Terminal,0,0,0,0,0,0,0,0
2020-03-08,Harbour Control,0,0,0,0,0,0,0,0
2020-03-08,Kai Tak Cruise Terminal,0,0,0,0,0,0,0,0
2020-03-08,Macau Ferry Terminal,0,0,0,0,0,0,0,0
2020-03-08,Tuen Mun Ferry Terminal,0,0,0,0,0,0,0,0
2020-03-09,Airport,8304,706,1623,10633,4721,139,970,5830
2020-03-09,Express Rail Link West Kowloon,0,0,0,0,0,0,0,0
2020-03-09,Hung Hom,0,0,0,0,0,0,0,0
2020-03-09,Lo Wu,0,0,0,0,0,0,0,0
2020-03-09,Lok Ma Chau Spur Line,0,0,0,0,0,0,0,0
2020-03-09,Hong Kong-Zhuhai-Macao Bridge,5638,16,805,6459,6224,133,929,7286
2020-03-09,Lok Ma Chau,0,0,0,0,0,0,0,0
2020-03-09,Man Kam To,0,0,0,0,0,0,0,0
2020-03-09,Sha Tau Kok,0,0,0,0,0,0,0,0
2020-03-09,Shenzhen Bay,1632,233,10,1875,2197,774,592,3563
2020-03-09,China Ferry Terminal,0,0,0,0,0,0,0,0
2020-03-09,Harbour Control,0,0,0,0,0,0,0,0
2020-03-09,Kai Tak Cruise Terminal,0,0,0,0,0,0,0,0
2020-03-09,Macau Ferry Terminal,0,0,0,0,0,0,0,0
2020-03-09,Tuen Mun Ferry Terminal,0,0,0,0,0,0,0,0
2020-03-10,Airport,7051,663,1531,9245,3802,142,914,4858
2020-03-10,Express Rail Link West Kowloon,0,0,0,0,0,0,0,0
2020-03-10,Hung Hom,0,0,0,0,0,0,0,0
2020-03-10,Lo Wu,0,0,0,0,0,0,0,0
2020-03-10,Lok Ma Chau Spur Line,0,0,0,0,0,0,0,0
2020-03-10,Hong Kong-Zhuhai-Macao Bridge,5366,31,757,6154,5687,84,900,6671
2020-03-10,Lok Ma Chau,0,0,0,0,0,0,0,0
2020-03-10,Man Kam To,0,0,0,0,0,0,0,0
2020-03-10,Sha Tau Kok,0,0,0,0,0,0,0,0
2020-03-10,Shenzhen Bay,1491,212,5,1708,1762,802,432,2996
2020-03-10,China Ferry Terminal,0,0,0,0,0,0,0,0
2020-03-10,Harbour Control,0,0,0,0,0,0,0,0
2020-03-10,Kai Tak Cruise Terminal,0,0,0,0,0,0,0,0
2020-03-10,Macau Ferry Terminal,0,0,0,0,0,0,0,0
2020-03-10,Tuen Mun Ferry Terminal,0,0,0,0,0,0,0,0
2020-03-11,Airport,7610,838,1539,9987,3443,205,841,4489
2020-03-11,Express Rail Link West Kowloon,0,0,0,0,0,0,0,0
2020-03-11,Hung Hom,0,0,0,0,0,0,0,0
2020-03-11,Lo Wu,0,0,0,0,0,0,0,0
2020-03-11,Lok Ma Chau Spur Line,0,0,0,0,0,0,0,0
2020-03-11,Hong Kong-Zhuhai-Macao Bridge,5248,25,733,6006,5258,122,765,6145
2020-03-11,Lok Ma Chau,0,0,0,0,0,0,0,0
2020-03-11,Man Kam To,0,0,0,0,0,0,0,0
2020-03-11,Sha Tau Kok,0,0,0,0,0,0,0,0
2020-03-11,Shenzhen Bay,1418,244,2,1664,1632,866,443,2941
2020-03-11,China Ferry Terminal,0,0,0,0,0,0,0,0
2020-03-11,Harbour Control,0,0,0,0,0,0,0,0
2020-03-11,Kai Tak Cruise Terminal,0,0,0,0,0,0,0,0
2020-03-11,Macau Ferry Terminal,0,0,0,0,0,0,0,0
2020-03-11,Tuen Mun Ferry Terminal,0,0,0,0,0,0,0,0
2020-03-12,Airport,6416,944,1426,8786,4050,152,995,5197
2020-03-12,Express Rail Link West Kowloon,0,0,0,0,0,0,0,0
2020-03-12,Hung Hom,0,0,0,0,0,0,0,0
2020-03-12,Lo Wu,0,0,0,0,0,0,0,0
2020-03-12,Lok Ma Chau Spur Line,0,0,0,0,0,0,0,0
2020-03-12,Hong Kong-Zhuhai-Macao Bridge,5391,21,753,6165,5753,177,790,6720
2020-03-12,Lok Ma Chau,0,0,0,0,0,0,0,0
2020-03-12,Man Kam To,0,0,0,0,0,0,0,0
2020-03-12,Sha Tau Kok,0,0,0,0,0,0,0,0
2020-03-12,Shenzhen Bay,1376,235,3,1614,1602,887,417,2906
2020-03-12,China Ferry Terminal,0,0,0,0,0,0,0,0
2020-03-12,Harbour Control,0,0,0,0,0,0,0,0
2020-03-12,Kai Tak Cruise Terminal,0,0,0,0,0,0,0,0
2020-03-12,Macau Ferry Terminal,0,0,0,0,0,0,0,0
2020-03-12,Tuen Mun Ferry Terminal,0,0,0,0,0,0,0,0
2020-03-13,Airport,6758,1075,1401,9234,4435,269,1044,5748
2020-03-13,Express Rail Link West Kowloon,0,0,0,0,0,0,0,0
2020-03-13,Hung Hom,0,0,0,0,0,0,0,0
2020-03-13,Lo Wu,0,0,0,0,0,0,0,0
2020-03-13,Lok Ma Chau Spur Line,0,0,0,0,0,0,0,0
2020-03-13,Hong Kong-Zhuhai-Macao Bridge,6872,19,945,7836,6694,142,939,7775
2020-03-13,Lok Ma Chau,0,0,0,0,0,0,0,0
2020-03-13,Man Kam To,0,0,0,0,0,0,0,0
2020-03-13,Sha Tau Kok,0,0,0,0,0,0,0,0
2020-03-13,Shenzhen Bay,1418,254,3,1675,1520,1018,369,2907
2020-03-13,China Ferry Terminal,0,0,0,0,0,0,0,0
2020-03-13,Harbour Control,0,0,0,0,0,0,0,0
2020-03-13,Kai Tak Cruise Terminal,0,0,0,0,0,0,0,0
2020-03-13,Macau Ferry Terminal,0,0,0,0,0,0,0,0
2020-03-13,Tuen Mun Ferry Terminal,0,0,0,0,0,0,0,0
2020-03-14,Airport,7513,1435,1587,10535,3764,214,996,4974
2020-03-14,Express Rail Link West Kowloon,0,0,0,0,0,0,0,0
2020-03-14,Hung Hom,0,0,0,0,0,0,0,0
2020-03-14,Lo Wu,0,0,0,0,0,0,0,0
2020-03-14,Lok Ma Chau Spur Line,0,0,0,0,0,0,0,0
2020-03-14,Hong Kong-Zhuhai-Macao Bridge,6098,25,1075,7198,7110,206,1126,8442
2020-03-14,Lok Ma Chau,0,0,0,0,0,0,0,0
2020-03-14,Man Kam To,0,0,0,0,0,0,0,0
2020-03-14,Sha Tau Kok,0,0,0,0,0,0,0,0
2020-03-14,Shenzhen Bay,1276,270,3,1549,1560,1303,406,3269
2020-03-14,China Ferry Terminal,0,0,0,0,0,0,0,0
2020-03-14,Harbour Control,0,0,0,0,0,0,0,0
2020-03-14,Kai Tak Cruise Terminal,0,0,0,0,0,0,0,0
2020-03-14,Macau Ferry Terminal,0,0,0,0,0,0,0,0
2020-03-14,Tuen Mun Ferry Terminal,0,0,0,0,0,0,0,0
2020-03-15,Airport,10027,1558,1950,13535,2516,315,863,3694
2020-03-15,Express Rail Link West Kowloon,0,0,0,0,0,0,0,0
2020-03-15,Hung Hom,0,0,0,0,0,0,0,0
2020-03-15,Lo Wu,0,0,0,0,0,0,0,0
2020-03-15,Lok Ma Chau Spur Line,0,0,0,0,0,0,0,0
2020-03-15,Hong Kong-Zhuhai-Macao Bridge,8172,33,674,8879,7405,194,1233,8832
2020-03-15,Lok Ma Chau,0,0,0,0,0,0,0,0
2020-03-15,Man Kam To,0,0,0,0,0,0,0,0
2020-03-15,Sha Tau Kok,0,0,0,0,0,0,0,0
2020-03-15,Shenzhen Bay,1745,351,18,2114,1628,1565,632,3825
2020-03-15,China Ferry Terminal,0,0,0,0,0,0,0,0
2020-03-15,Harbour Control,0,0,0,0,0,0,0,0
2020-03-15,Kai Tak Cruise Terminal,0,0,0,0,0,0,0,0
2020-03-15,Macau Ferry Terminal,0,0,0,0,0,0,0,0
2020-03-15,Tuen Mun Ferry Terminal,0,0,0,0,0,0,0,0
2020-03-16,Airport,8498,1662,2038,12198,2117,382,896,3395
2020-03-16,Express Rail Link West Kowloon,0,0,0,0,0,0,0,0
2020-03-16,Hung Hom,0,0,0,0,0,0,0,0
2020-03-16,Lo Wu,0,0,0,0,0,0,0,0
2020-03-16,Lok Ma Chau Spur Line,0,0,0,0,0,0,0,0
2020-03-16,Hong Kong-Zhuhai-Macao Bridge,6258,28,792,7078,6782,314,1408,8504
2020-03-16,Lok Ma Chau,0,0,0,0,0,0,0,0
2020-03-16,Man Kam To,0,0,0,0,0,0,0,0
2020-03-16,Sha Tau Kok,0,0,0,0,0,0,0,0
2020-03-16,Shenzhen Bay,1878,326,8,2212,2182,1450,593,4225
2020-03-16,China Ferry Terminal,0,0,0,0,0,0,0,0
2020-03-16,Harbour Control,0,0,0,0,0,0,0,0
2020-03-16,Kai Tak Cruise Terminal,0,0,0,0,0,0,0,0
2020-03-16,Macau Ferry Terminal,0,0,0,0,0,0,0,0
2020-03-16,Tuen Mun Ferry Terminal,0,0,0,0,0,0,0,0
2020-03-17,Airport,7472,1702,1272,10446,1483,339,666,2488
2020-03-17,Express Rail Link West Kowloon,0,0,0,0,0,0,0,0
2020-03-17,Hung Hom,0,0,0,0,0,0,0,0
2020-03-17,Lo Wu,0,0,0,0,0,0,0,0
2020-03-17,Lok Ma Chau Spur Line,0,0,0,0,0,0,0,0
2020-03-17,Hong Kong-Zhuhai-Macao Bridge,5812,21,753,6586,5791,287,979,7057
2020-03-17,Lok Ma Chau,0,0,0,0,0,0,0,0
2020-03-17,Man Kam To,0,0,0,0,0,0,0,0
2020-03-17,Sha Tau Kok,0,0,0,0,0,0,0,0
2020-03-17,Shenzhen Bay,1393,257,4,1654,1672,1420,446,3538
2020-03-17,China Ferry Terminal,0,0,0,0,0,0,0,0
2020-03-17,Harbour Control,0,0,0,0,0,0,0,0
2020-03-17,Kai Tak Cruise Terminal,0,0,0,0,0,0,0,0
2020-03-17,Macau Ferry Terminal,0,0,0,0,0,0,0,0
2020-03-17,Tuen Mun Ferry Terminal,0,0,0,0,0,0,0,0
2020-03-18,Airport,9616,2027,1309,12952,1041,337,615,1993
2020-03-18,Express Rail Link West Kowloon,0,0,0,0,0,0,0,0
2020-03-18,Hung Hom,0,0,0,0,0,0,0,0
2020-03-18,Lo Wu,0,0,0,0,0,0,0,0
2020-03-18,Lok Ma Chau Spur Line,0,0,0,0,0,0,0,0
2020-03-18,Hong Kong-Zhuhai-Macao Bridge,5266,37,580,5883,4850,334,792,5976
2020-03-18,Lok Ma Chau,0,0,0,0,0,0,0,0
2020-03-18,Man Kam To,0,0,0,0,0,0,0,0
2020-03-18,Sha Tau Kok,0,0,0,0,0,0,0,0
2020-03-18,Shenzhen Bay,1394,344,10,1748,1570,1734,360,3664
2020-03-18,China Ferry Terminal,0,0,0,0,0,0,0,0
2020-03-18,Harbour Control,0,0,0,0,0,0,0,0
2020-03-18,Kai Tak Cruise Terminal,0,0,0,0,0,0,0,0
2020-03-18,Macau Ferry Terminal,0,0,0,0,0,0,0,0
2020-03-18,Tuen Mun Ferry Terminal,0,0,0,0,0,0,0,0
2020-03-19,Airport,6138,37,596,6771,1110,160,519,1789
2020-03-19,Express Rail Link West Kowloon,0,0,0,0,0,0,0,0
2020-03-19,Hung Hom,0,0,0,0,0,0,0,0
2020-03-19,Lo Wu,0,0,0,0,0,0,0,0
2020-03-19,Lok Ma Chau Spur Line,0,0,0,0,0,0,0,0
2020-03-19,Hong Kong-Zhuhai-Macao Bridge,4687,22,352,5061,4824,46,423,5293
2020-03-19,Lok Ma Chau,0,0,0,0,0,0,0,0
2020-03-19,Man Kam To,0,0,0,0,0,0,0,0
2020-03-19,Sha Tau Kok,0,0,0,0,0,0,0,0
2020-03-19,Shenzhen Bay,1099,184,3,1286,1449,458,244,2151
2020-03-19,China Ferry Terminal,0,0,0,0,0,0,0,0
2020-03-19,Harbour Control,0,0,0,0,0,0,0,0
2020-03-19,Kai Tak Cruise Terminal,0,0,0,0,0,0,0,0
2020-03-19,Macau Ferry Terminal,0,0,0,0,0,0,0,0
2020-03-19,Tuen Mun Ferry Terminal,0,0,0,0,0,0,0,0
2020-03-20,Airport,6427,44,603,7074,1190,54,445,1689
2020-03-20,Express Rail Link West Kowloon,0,0,0,0,0,0,0,0
2020-03-20,Hung Hom,0,0,0,0,0,0,0,0
2020-03-20,Lo Wu,0,0,0,0,0,0,0,0
2020-03-20,Lok Ma Chau Spur Line,0,0,0,0,0,0,0,0
2020-03-20,Hong Kong-Zhuhai-Macao Bridge,5732,18,458,6208,5426,48,691,6165
2020-03-20,Lok Ma Chau,0,0,0,0,0,0,0,0
2020-03-20,Man Kam To,0,0,0,0,0,0,0,0
2020-03-20,Sha Tau Kok,0,0,0,0,0,0,0,0
2020-03-20,Shenzhen Bay,1328,245,3,1576,1404,401,176,1981
2020-03-20,China Ferry Terminal,0,0,0,0,0,0,0,0
2020-03-20,Harbour Control,0,0,0,0,0,0,0,0
2020-03-20,Kai Tak Cruise Terminal,0,0,0,0,0,0,0,0
2020-03-20,Macau Ferry Terminal,0,0,0,0,0,0,0,0
2020-03-20,Tuen Mun Ferry Terminal,0,0,0,0,0,0,0,0
2020-03-21,Airport,6547,43,526,7116,844,39,320,1203
2020-03-21,Express Rail Link West Kowloon,0,0,0,0,0,0,0,0
2020-03-21,Hung Hom,0,0,0,0,0,0,0,0
2020-03-21,Lo Wu,0,0,0,0,0,0,0,0
2020-03-21,Lok Ma Chau Spur Line,0,0,0,0,0,0,0,0
2020-03-21,Hong Kong-Zhuhai-Macao Bridge,4805,37,388,5230,5244,70,536,5850
2020-03-21,Lok Ma Chau,0,0,0,0,0,0,0,0
2020-03-21,Man Kam To,0,0,0,0,0,0,0,0
2020-03-21,Sha Tau Kok,0,0,0,0,0,0,0,0
2020-03-21,Shenzhen Bay,904,239,5,1148,1384,457,113,1954
2020-03-21,China Ferry Terminal,0,0,0,0,0,0,0,0
2020-03-21,Harbour Control,0,0,0,0,0,0,0,0
2020-03-21,Kai Tak Cruise Terminal,0,0,0,0,0,0,0,0
2020-03-21,Macau Ferry Terminal,0,0,0,0,0,0,0,0
2020-03-21,Tuen Mun Ferry Terminal,0,0,0,0,0,0,0,0
2020-03-22,Airport,5596,33,566,6195,659,49,228,936
2020-03-22,Express Rail Link West Kowloon,0,0,0,0,0,0,0,0
2020-03-22,Hung Hom,0,0,0,0,0,0,0,0
2020-03-22,Lo Wu,0,0,0,0,0,0,0,0
2020-03-22,Lok Ma Chau Spur Line,0,0,0,0,0,0,0,0
2020-03-22,Hong Kong-Zhuhai-Macao Bridge,4996,31,235,5262,4386,49,453,4888
2020-03-22,Lok Ma Chau,0,0,0,0,0,0,0,0
2020-03-22,Man Kam To,0,0,0,0,0,0,0,0
2020-03-22,Sha Tau Kok,0,0,0,0,0,0,0,0
2020-03-22,Shenzhen Bay,1064,272,4,1340,1619,567,199,2385
2020-03-22,China Ferry Terminal,0,0,0,0,0,0,0,0
2020-03-22,Harbour Control,0,0,0,0,0,0,0,0
2020-03-22,Kai Tak Cruise Terminal,0,0,0,0,0,0,0,0
2020-03-22,Macau Ferry Terminal,0,0,0,0,0,0,0,0
2020-03-22,Tuen Mun Ferry Terminal,0,0,0,0,0,0,0,0
2020-03-23,Airport,4536,30,529,5095,514,34,208,756
2020-03-23,Express Rail Link West Kowloon,0,0,0,0,0,0,0,0
2020-03-23,Hung Hom,0,0,0,0,0,0,0,0
2020-03-23,Lo Wu,0,0,0,0,0,0,0,0
2020-03-23,Lok Ma Chau Spur Line,0,0,0,0,0,0,0,0
2020-03-23,Hong Kong-Zhuhai-Macao Bridge,4930,16,353,5299,5722,43,539,6304
2020-03-23,Lok Ma Chau,0,0,0,0,0,0,0,0
2020-03-23,Man Kam To,0,0,0,0,0,0,0,0
2020-03-23,Sha Tau Kok,0,0,0,0,0,0,0,0
2020-03-23,Shenzhen Bay,1053,201,4,1258,2229,462,207,2898
2020-03-23,China Ferry Terminal,0,0,0,0,0,0,0,0
2020-03-23,Harbour Control,0,0,0,0,0,0,0,0
2020-03-23,Kai Tak Cruise Terminal,0,0,0,0,0,0,0,0
2020-03-23,Macau Ferry Terminal,0,0,0,0,0,0,0,0
2020-03-23,Tuen Mun Ferry Terminal,0,0,0,0,0,0,0,0
